Card ID,Card Name,1st Edition?,Card Set,Rarity,Quantity,Est. Max Price Per Card
CT1-EN001,Total Defense Shogun,LIMITED EDITION,Collector Tin 1,Secret Rare,1,150.00,
CT1-EN004,Swift Gaia the Fierce Knight,LIMITED EDITION,Collector Tin 1,Secret Rare,1,75.00,
CT1-EN005,Insect Queen,LIMITED EDITION,Collector Tin 1,Secret Rare,1,299.99,
DPK-ENSE1,Blockman,LIMITED EDITION,Deulist Pack: Special Edition (English),Secret Rare,2,19.20,
DPK-ENSE2,Treasure Map,LIMITED EDITION,Deulist Pack: Special Edition (English),Secret Rare,1,29.92,
DPK-ENSE3,Hero Spirit,LIMITED EDITION,Deulist Pack: Special Edition (English),Secret Rare,2,76.00,
EEN-ENSE1,Horus the Black Flame Dragon LV8,LIMITED EDITION,Elemental Energy: Special Edition (English),Secret Rare,1,46.05,
EEN-ENSE2,The Creator,LIMITED EDITION,Elemental Energy: Special Edition (English),Secret Rare,1,65.00,
EEN-ENSE3,Sacred Phoenix of Nephthys,LIMITED EDITION,Elemental Energy: Special Edition (English),Secret Rare,1,53.00,
EEN-ENSE4,Silent Swordsman LV5,LIMITED EDITION,Elemental Energy: Special Edition (English),Secret Rare,1,65.00,
FL1-EN003,Kuriboh,LIMITED EDITION,Forbidden Legacy (English),Secret Rare,1,125.00,
IOC-SE4,Lava Golem,LIMITED EDITION,Invasion of Chaos: Special Edition,Ultra Rare,1,75.00,
JMP-EN005,Blue-Eyes Ultimate Dragon,LIMITED EDITION,Shonen Jump (English),Ultra Rare,1,650.00,
MC1-EN003,Relinuished,LIMITED EDITION,Master Collection Volume 1,Secret Rare,1,82.93,
MC1-EN004,Thousand-Eyes Restrict,LIMITED EDITION,Master Collection Volume 1,Secret Rare,1,60.00,
MC1-EN006,Dark Ruler Ha Des,LIMITED EDITION,Master Collection Volume 1,Secret Rare,2,18.99,
MOV-EN002,Sorcerer of Dark Magic,LIMITED EDITION,Movie Pack (English),Common,1,32.37,
MOV-EN003,Watapon,LIMITED EDITION,Movie Pack (English),Common,1,25.58,
MOV-EN004,Pyramid of Light,LIMITED EDITION,Movie Pack (English),Common,1,25.58,
RDS-ENSE1,Diffusion Wave-Motion,LIMITED EDITION,Rise of Destiny: Special Edition,Ultra Rare,1,100.00,
RDS-ENSE2,Dark Magician Girl,LIMITED EDITION,Rise of Destiny: Special Edition,Ultra Rare,2,355.00,
RDS-ENSE3,Judgment of Anubis,LIMITED EDITION,Rise of Destiny: Special Edition,Ultra Rare,1,80.00,
SOI-ENSE3,Windstorm of Etaqua,LIMITED EDITION,Shadow of Infinity: Special Edition,Secret Rare,1,9.68,
TLM-ENSE1,Invader of Darkness,LIMITED EDITION,The Lost Millenium: Special Edition (English),Ultra Rare,1,60.00,
TLM-ENSE3,Mazera DeVille,LIMITED EDITION,The Lost Millenium: Special Edition (English),Ultra Rare,1,129.00,
AST-004,Mystical Shine Ball,N,Ancient Sanctuary,Common,1,40.00,
AST-015,Rocket Jumper,N,Ancient Sanctuary,Common,1,2.06,
AST-024,Atomic Firefly,N,Ancient Sanctuary,Common,1,2.90,
AST-026,Piranha Army,N,Ancient Sanctuary,Common,1,2.44,
AST-036,Mystik Wok,N,Ancient Sanctuary,Common,1,3.00,
AST-050,Wall of Revealing Light,N,Ancient Sanctuary,Common,1,20.00,
AST-059,Fiend Scorpion,N,Ancient Sanctuary,Common,1,20.00,
AST-069,Sand Gambler,N,Ancient Sanctuary,Common,1,20.00,
AST-083,Emissary of the Oasis,N,Ancient Sanctuary,Common,1,0.99,
AST-089,Spell Economics,N,Ancient Sanctuary,Rare,1,5.14,
AST-096,Delta Attacker,N,Ancient Sanctuary,Common,1,20.00,
AST-104,Human-Wave Tactics,N,Ancient Sanctuary,Common,1,20.00,
BPT-007,Dark Magician,N,Booster Pack Tin,Secret Rare,1,1299.99,
BPT-008,Buster Blader,N,Booster Pack Tin,Secret Rare,1,149.99,
BPT-010,XYZ-Dragon Cannon,N,Booster Pack Tin,Secret Rare,1,120.00,
BPT-012,Gearfried the Iron Knight,N,Booster Pack Tin,Secret Rare,1,699.98,
DB1-219,Curse of the Masked Beast,N,Dark Beginning 1 (English),Common,1,no available value,
DB1-EN007,Electric Snake,N,Dark Beginning 1 (English),Common,1,2.49,
DB1-EN026,Tailor of the Fickle,N,Dark Beginning 1 (English),Common,1,8.53,
DB1-EN041,Hyozanryu,N,Dark Beginning 1 (English),Common,1,2.90,
DB1-EN045,Giant Rat,N,Dark Beginning 1 (English),Rare,1,12.94,
DB1-EN081,DNA Surgery,N,Dark Beginning 1 (English),Common,1,12.57,
DB1-EN089,Nobleman of Extermination,N,Dark Beginning 1 (English),Common,1,4.41,
DB1-EN124,Giant Soldier of Stone,N,Dark Beginning 1 (English),Common,1,1.90,
DB1-EN136,Left Leg of the Forbidden One,N,Dark Beginning 1 (English),Common,1,30.80,
DB1-EN164,Fake Trap,N,Dark Beginning 1 (English),Common,1,no available value,
DB1-EN227,Fairy Box,N,Dark Beginning 1 (English),Common,1,4.90,
DB1-EN234,Fire Princess,N,Dark Beginning 1 (English),Common,1,6.89,
DB1-EN239,The Forgiving Maiden,N,Dark Beginning 1 (English),Common,1,2.83,
DB2-EN057,Launcher Spider,N,Dark Beginning 2 (English),Common,1,1.24,
DB2-EN142,Frontier Wiseman,N,Dark Beginning 2 (English),Common,1,1.90,
DCR-009,Guardian Kay'est,N,Dark Crisis,Common,1,3.74,
DCR-040,Fairy of the Spring,N,Dark Crisis,Common,1,2.95,
DCR-055,D. D. Trainer,N,Dark Crisis,Common,1,1.91,
DCR-060,Dark Scorpion - Gorg the Strong,N,Dark Crisis,Common,1,1.90,
DCR-066,Mefist the Infernal General,N,Dark Crisis,Rare,1,4.88,
DCR-070,Desrook Archfiend,N,Dark Crisis,Common,1,3.73,
DCR-079,Zolga,N,Dark Crisis,Common,1,2.49,
DCR-080,Agido,N,Dark Crisis,Common,1,2.82,
DCR-100,Dice Re-Roll,N,Dark Crisis,Common,1,501.00,
DL4-001,Machine King,N,Deulist League 4,Super Rare,2,24.99,
DOR-001,Alpha the Magnet Warrior,N,Deulist of the Roses,Secret Rare,1,214.99,
DOR-002,Beta the Magnet Warrior,N,Deulist of the Roses,Secret Rare,1,210.00,
DOR-003,Gamma the Magnet Warrior,N,Deulist of the Roses,Secret Rare,1,249.99,
DP1-EN001,Elemental Hero Avian,N,Deulist Pack 1: Jaden Yuki,Common,6,9.97,
DP1-EN002,Elemental Hero Burstinatrix,N,Deulist Pack 1: Jaden Yuki,Common,5,9.97,
DP1-EN003,Elemental Hero Clayman,N,Deulist Pack 1: Jaden Yuki,Common,1,8.99,
DP1-EN004,Elemental Hero Sparkman,N,Deulist Pack 1: Jaden Yuki,Common,6,4.95,
DP1-EN005,Winged Kuriboh,N,Deulist Pack 1: Jaden Yuki,Rare,2,150.00,
DP1-EN006,Winged Kuriboh LV10,N,Deulist Pack 1: Jaden Yuki,Rare,1,6.73,
DP1-EN007,Wroughtweiler,N,Deulist Pack 1: Jaden Yuki,Common,2,4.99,
DP1-EN008,Dark Catapulter,N,Deulist Pack 1: Jaden Yuki,Common,4,3.95,
DP1-EN009,Elemental Hero Bubbleman,N,Deulist Pack 1: Jaden Yuki,Common,2,7.90,
DP1-EN011,Elemental Hero Thunder Giant,N,Deulist Pack 1: Jaden Yuki,Rare,2,25.00,
DP1-EN012,Elemental Hero Rampart Blaster,N,Deulist Pack 1: Jaden Yuki,Rare,3,40.00,
DP1-EN014,Polymerization,N,Deulist Pack 1: Jaden Yuki,Common,5,5.83,
DP1-EN015,Fusion Sage,N,Deulist Pack 1: Jaden Yuki,Common,1,7.50,
DP1-EN016,The Warrior Returning Alive,N,Deulist Pack 1: Jaden Yuki,Common,4,4.24,
DP1-EN017,Feather Shot,N,Deulist Pack 1: Jaden Yuki,Common,5,2.88,
DP1-EN018,Transcendent Wings,N,Deulist Pack 1: Jaden Yuki,Common,4,4.45,
DP1-EN020,Spark Blaster,N,Deulist Pack 1: Jaden Yuki,Common,4,2.43,
DP1-EN021,Skyscraper,N,Deulist Pack 1: Jaden Yuki,Rare,2,14.99,
DP1-EN025,A Hero Emerges,N,Deulist Pack 1: Jaden Yuki,Common,3,2.57,
DP1-EN026,Draining Shield,N,Deulist Pack 1: Jaden Yuki,Common,5,5.95,
DP1-EN027,Negate Attack,N,Deulist Pack 1: Jaden Yuki,Rare,1,6.99,
DP1-EN028,Hero Signal,N,Deulist Pack 1: Jaden Yuki,Common,4,3.05,
DP1-EN029,Feather Wind,N,Deulist Pack 1: Jaden Yuki,Rare,3,1.82,
DP1-EN030,Clay Charge,N,Deulist Pack 1: Jaden Yuki,Super Rare,1,8.55,
DP2-EN001,V-Tiger Jet,N,Deulist Pack 2: Chazz Princeton,Common,4,4.95,
DP2-EN002,Ojama Green,N,Deulist Pack 2: Chazz Princeton,Common,2,7.18,
DP2-EN003,Ojama Yellow,N,Deulist Pack 2: Chazz Princeton,Common,5,5.50,
DP2-EN004,Ojama Black,N,Deulist Pack 2: Chazz Princeton,Common,4,5.03,
DP2-EN005,X-Head Cannon,N,Deulist Pack 2: Chazz Princeton,Common,5,1.66,
DP2-EN006,Y-Dragon Head,N,Deulist Pack 2: Chazz Princeton,Common,6,4.04,
DP2-EN007,Z-Metal Tank,N,Deulist Pack 2: Chazz Princeton,Common,5,3.94,
DP2-EN008,W-Wing Catapult,N,Deulist Pack 2: Chazz Princeton,Common,6,3.79,
DP2-EN009,Infernal Incinerator,N,Deulist Pack 2: Chazz Princeton,Rare,2,5.26,
DP2-EN010,Armed Dragon LV3,N,Deulist Pack 2: Chazz Princeton,Common,2,6.35,
DP2-EN011,Armed Dragon LV5,N,Deulist Pack 2: Chazz Princeton,Common,2,3.62,
DP2-EN014,XYZ-Dragon Cannon,N,Deulist Pack 2: Chazz Princeton,Rare,2,59.95,
DP2-EN015,Ojama King,N,Deulist Pack 2: Chazz Princeton,Common,4,59.95,
DP2-EN016,VW-Tiger Catapult,N,Deulist Pack 2: Chazz Princeton,Rare,3,4.95,
DP2-EN017,VWXYZ-Dragon Catapult Cannon,N,Deulist Pack 2: Chazz Princeton,Rare,2,5.49,
DP2-EN018,Ojama Delta Hurricane!!,N,Deulist Pack 2: Chazz Princeton,Common,2,6.47,
DP2-EN019,Level Modulation,N,Deulist Pack 2: Chazz Princeton,Rare,4,6.35,
DP2-EN020,Ojamagic,N,Deulist Pack 2: Chazz Princeton,Rare,1,9.99,
DP2-EN022,Chthonian Alliance,N,Deulist Pack 2: Chazz Princeton,Common,3,1.85,
DP2-EN023,Armed Changer,N,Deulist Pack 2: Chazz Princeton,Common,3,1.48,
DP2-EN026,Draining Shield,N,Deulist Pack 2: Chazz Princeton,Common,1,52.83,
DP2-EN027,Ojama Trio,N,Deulist Pack 2: Chazz Princeton,Common,2,6.18,
DP2-EN028,Chthonian Blast,N,Deulist Pack 2: Chazz Princeton,Common,3,0.99,
DP2-EN029,Chthonian Polymer,N,Deulist Pack 2: Chazz Princeton,Common,5,3.24,
DP2-EN030,The Grave of Enkindling,N,Deulist Pack 2: Chazz Princeton,Super Rare,2,5.65,
DR2-EN002,Ojama Black,N,Dark Revelation 2 (English),Common,2,3.95,
DR2-EN011,Sasuke Samurai #3,N,Dark Revelation 2 (English),Common,1,2.49,
DR2-EN023,Chaos Sorcerer,N,Dark Revelation 2 (English),Common,1,2.25,
DR2-EN030,Granadora,N,Dark Revelation 2 (English),Common,1,3.90,
DR2-EN036,Chaos End,N,Dark Revelation 2 (English),Common,1,2.90,
DR2-EN038,Chaos Greed,N,Dark Revelation 2 (English),Common,1,no available value,
DR2-EN048,Blasting the Ruins,N,Dark Revelation 2 (English),Common,1,3.90,
DR2-EN050,Tower of Babel,N,Dark Revelation 2 (English),Common,1,1.90,
DR2-EN055,Energy Drain,N,Dark Revelation 2 (English),Common,1,0.99,
DR2-EN058,Mad Dog of Darkness,N,Dark Revelation 2 (English),Common,1,0.99,
DR2-EN061,Terrorking Salmon,N,Dark Revelation 2 (English),Common,1,1.90,
DR2-EN063,The Bistro Butcher,N,Dark Revelation 2 (English),Common,1,4.90,
DR2-EN064,The Thing in the Crater,N,Dark Revelation 2 (English),Common,1,2.86,
DR2-EN071,Enraged Battle Ox,N,Dark Revelation 2 (English),Common,2,1.90,
DR2-EN090,Getsu Fuhma,N,Dark Revelation 2 (English),Common,1,1.90,
DR2-EN092,Gryphon's Feather Duster,N,Dark Revelation 2 (English),Common,1,1.90,
DR2-EN094,Smashing Ground,N,Dark Revelation 2 (English),Common,2,4.90,
DR2-EN098,Ultra Evolution Pill,N,Dark Revelation 2 (English),Common,1,6.00,
DR2-EN099,Multiplication of Ants,N,Dark Revelation 2 (English),Common,1,7.00,
DR2-EN103,Fiend's Hand Mirror,N,Dark Revelation 2 (English),Common,1,0.99,
DR2-EN105,A Hero Emerges,N,Dark Revelation 2 (English),Common,1,2.97,
DR2-EN114,Warrior of Zera,N,Dark Revelation 2 (English),Common,1,4.90,
DR2-EN125,Vampire Lady,N,Dark Revelation 2 (English),Common,1,2.86,
DR2-EN126,Stone Statue of the Aztecs,N,Dark Revelation 2 (English),Rare,1,5.73,
DR2-EN128,Avatar of the Pot,N,Dark Revelation 2 (English),Common,1,3.99,
DR2-EN144,Solar Flare Dragon,N,Dark Revelation 2 (English),Common,2,2.60,
DR2-EN151,Monster Gate,N,Dark Revelation 2 (English),Common,1,1.59,
DR2-EN152,Amplifier,N,Dark Revelation 2 (English),Rare,1,5.73,
DR2-EN160,Light of Judgement,N,Dark Revelation 2 (English),Common,1,9.99,
DR2-EN162,Wall of Revealing Light,N,Dark Revelation 2 (English),Common,1,6.99,
DR2-EN163,Solar Ray,N,Dark Revelation 2 (English),Common,1,1.65,
DR2-EN167,Armor Break,N,Dark Revelation 2 (English),Common,2,0.99,
DR2-EN171,Kozaky,N,Dark Revelation 2 (English),Common,1,3.54,
DR2-EN173,Pharaoh's Servant,N,Dark Revelation 2 (English),Common,1,1.74,
DR2-EN183,3-Hump Lacooda,N,Dark Revelation 2 (English),Common,1,0.99,
DR2-EN190,Grave Protector,N,Dark Revelation 2 (English),Common,1,no available value,
DR2-EN191,Double Coston,N,Dark Revelation 2 (English),Rare,1,2.40,
DR2-EN202,Spell Economics,N,Dark Revelation 2 (English),Rare,1,3.06,
DR2-EN206,Enchanting Fitting Room,N,Dark Revelation 2 (English),Common,1,3.90,
DR2-EN213,The Second Sarcophagus,N,Dark Revelation 2 (English),Common,1,5.30,
DR2-EN216,Judement of the Dessert,N,Dark Revelation 2 (English),Common,1,no available value,
DR2-EN217,Dark Dust Spirit,N,Dark Revelation 2 (English),Common,1,2.09,
DR2-EN221,Labyrinth of Nightmare,N,Dark Revelation 2 (English),Common,1,2.49,
EDS-001,Exchange,N,Eternal Duelist,Secret Rare,1,45.00,
EDS-002,Graceful Dice,N,Eternal Duelist Soul,Secret Rare,1,205.25,
EEN-EN001,"Zure, Knight of Dark World",N,Elemental Energy (English),Common,19.99,
EEN-EN011,W-Wing Catapult,N,Elemental Energy (English),Common,1,3.21,
EEN-EN018,Nanobreaker,N,Elemental Energy (English),Common,1,1.90,
EEN-EN019,Rapid-Fire Magician,N,Elemental Energy (English),Rare,1,29.99,
EEN-EN040,Ojamagic,N,Elemental Energy (English),Common,1,2.25,
EEN-EN046,Branch!,N,Elemental Energy (English),Common,1,1.28,
EEN-EN048,Gareway to Dark World,N,Elemental Energy (English),Common,1,20.00,
EEN-EN049,Hero Barrier,N,Elemental Energy (English),Rare,1,29.43,
EEN-EN052,Dark Deal,N,Elemental Energy (English),Common,1,2.11,
EP1-EN001,Theinen the Great Sphinx,N,Exclusive Pack 1 (English),Ultra Rare,2,150.00,
EP1-EN002,Andro Sphinx,N,Exclusive Pack 1 (English),Ultra Rare,2,150.00,
EP1-EN003,Sphinx Teleia,N,Exclusive Pack 1 (English),Ultra Rare,1,150.00,
EP1-EN004,Rare Metal Dragon,N,Exclusive Pack 1 (English),Common,3,8.00,
EP1-EN005,Peten the Dark Clown,N,Exclusive Pack 1 (English),Common,3,2.74,
EP1-EN006,Familiar Knight,N,Exclusive Pack 1 (English),Common,3,5.49,
EP1-EN007,Inferno Tempest,N,Exclusive Pack 1 (English),Common,3,16.99,
EP1-EN008,Return from the Different Dimension,N,Exclusive Pack 1 (English),Common,3,2.99,
GBI-001,Slifer the Sky Dragon,N,Duel Monsters International: Worldwide Edition,Ultra Rare,1,65000.00,
GBI-002,Obelisk the Tormentor,N,Duel Monsters International: Worldwide Edition,Ultra Rare,1,1607.94,
GBI-003,The Winged Dragon of Ra,N,Duel Monsters International: Worldwide Edition,Ultra Rare,1,3500.00,
HL1-EN001,Lord of the Lamp,N,Hobby League 1 (English),Common,1,20.50,
IOC-001,Ojama Yellow,N,Invasion of Chaos,Common,1,77.00,
IOC-010,Chopman the Desperate Outlaw,N,Invasion of Chaos,Common,1,169.99,
IOC-037,Yellow Luster Shield,N,Invasion of Chaos,Common,1,2.88,
IOC-040,D. D. Borderline,N,Invasion of Chaos,Common,1,1.95,
IOC-051,Spatial Collapse,N,Invasion of Chaos,Common,1,3.00,
IOC-053,Zero Gravity,N,Invasion of Chaos,Common,1,2.90,
IOC-062,Burning Algae,N,Invasion of Chaos,Common,1,2.49,
IOC-072,Balloon Lizard,N,Invasion of Chaos,Common,1,2.34,
IOC-095,Dedication Through Light and Darkness,N,Invasion of Chaos,Super Rare,1,35.00,
IOC-096,,N,Invasion of Chaos,,,13.00,
IOC-097,,N,Invasion of Chaos,,,3.00,
IOC-098,,N,Invasion of Chaos,,,8.99,
IOC-099,,N,Invasion of Chaos,,,3.05,
IOC-100,,N,Invasion of Chaos,,,50.00,
IOC-101,Destruction Ring,N,Invasion of Chaos,Rare,1,21.99,
IOC-102,,N,Invasion of Chaos,,,15.00,
IOC-103,Compulsory Evacuation Device,N,Invasion of Chaos,Rare,1,21.99,
LOB-002,Hitotsu-Me Giant,N,Legend of Blue Eyes White Dragon,Common,2,1305.00,
LOB-003,Flame Swordsman,N,Legend of Blue Eyes White Dragon,Super Rare,1,3550.00,
LOB-004,Skull Servant,N,Legend of Blue Eyes White Dragon,Common,4,199.99,
LOB-007,Celtic Guardian,N,Legend of Blue Eyes White Dragon,Super Rare,1,450.00,
LOB-008,Basic Insect,N,Legend of Blue Eyes White Dragon,Common,2,64.07,
LOB-009,Mammoth Graveyard,N,Legend of Blue Eyes White Dragon,Common,5,341.00,
LOB-010,Silver Fang,N,Legend of Blue Eyes White Dragon,Common,1,150.15,
LOB-011,Dark Gray,N,Legend of Blue Eyes White Dragon,Common,5,65.33,
LOB-012,Trial of Nightmare,N,Legend of Blue Eyes White Dragon,Common,3,395.00,
LOB-013,Nemuriko,N,Legend of Blue Eyes White Dragon,Common,3,80.00,
LOB-014,The 13th Grave,N,Legend of Blue Eyes White Dragon,Common,5,140.00,
LOB-015,Charubin the Fire Knight,N,Legend of Blue Eyes White Dragon,Rare,2,122.18,
LOB-016,Flame Manipulator,N,Legend of Blue Eyes White Dragon,Common,1,7.55,
LOB-017,Monster Egg,N,Legend of Blue Eyes White Dragon,Common,4,150.15,
LOB-018,Firegrass,N,Legend of Blue Eyes White Dragon,Common,5,39.99,
LOB-019,Darkfire Dragon,N,Legend of Blue Eyes White Dragon,Rare,2,104.90,
LOB-020,Dark King of the Abyss,N,Legend of Blue Eyes White Dragon,Common,3,2.99,
LOB-021,Fiend Reflection #2,N,Legend of Blue Eyes White Dragon,Common,3,98.82,
LOB-022,Fusionist,N,Legend of Blue Eyes White Dragon,Rare,2,158.03,
LOB-023,Turtle Tiger,N,Legend of Blue Eyes White Dragon,Common,5,98.00,
LOB-024,Petit Dragon,N,Legend of Blue Eyes White Dragon,Common,4,300.00,
LOB-026,Hinotama Soul,N,Legend of Blue Eyes White Dragon,Common,6,66.85,
LOB-027,Aqua Madoor,N,Legend of Blue Eyes White Dragon,Rare,1,102.50,
LOB-028,Kagemusha of the Blue Flame,N,Legend of Blue Eyes White Dragon,Common,3,66.80,
LOB-030,Two-Mouth Darkruler,N,Legend of Blue Eyes White Dragon,Common,4,49.99,
LOB-031,Dissolverock,N,Legend of Blue Eyes White Dragon,Common,2,102.94,
LOB-032,Root Water,N,Legend of Blue Eyes White Dragon,Common,4,65.50,
LOB-033,The Furious Sea King,N,Legend of Blue Eyes White Dragon,Common,1,150.15,
LOB-034,Green Phantom King,N,Legend of Blue Eyes White Dragon,Common,4,100.84,
LOB-035,Ray & Temperature,N,Legend of Blue Eyes White Dragon,Common,7,777.55,
LOB-036,King Fog,N,Legend of Blue Eyes White Dragon,Common,3,17.00,
LOB-037,Mystical Sheep #2,N,Legend of Blue Eyes White Dragon,Common,3,185.00,
LOB-039,Kurama,N,Legend of Blue Eyes White Dragon,Common,4,99.62,
LOB-040,Legendary Sword,N,Legend of Blue Eyes White Dragon,Common,1,150.00,
LOB-041,Beast Fangs,N,Legend of Blue Eyes White Dragon,Common,1,64.13,
LOB-042,Violet Crystal,N,Legend of Blue Eyes White Dragon,Common,1,64.76,
LOB-043,Book of Secret Arts,N,Legend of Blue Eyes White Dragon,Common,3,54.99,
LOB-044,Power of Kaishin,N,Legend of Blue Eyes White Dragon,Common,1,23.75,
LOB-045,Dragon Capture Jar,N,Legend of Blue Eyes White Dragon,Rare,1,134.74,
LOB-046,Forest,N,Legend of Blue Eyes White Dragon,Common,3,106.28,
LOB-047,Wasteland,N,Legend of Blue Eyes White Dragon,Common,2,100.00,
LOB-048,Mountain,N,Legend of Blue Eyes White Dragon,Common,2,66.05,
LOB-049,Sogen,N,Legend of Blue Eyes White Dragon,Common,1,150.15,
LOB-050,Umi,N,Legend of Blue Eyes White Dragon,Common,3,499.99,
LOB-051,Yami,N,Legend of Blue Eyes White Dragon,Common,4,70.18,
LOB-054,Red Medicine,N,Legend of Blue Eyes White Dragon,Common,5,99.47,
LOB-055,Sparks,N,Legend of Blue Eyes White Dragon,Common,3,134.75,
LOB-056,Hinotama,N,Legend of Blue Eyes White Dragon,Common,2,499.00,
LOB-057,Fissure,N,Legend of Blue Eyes White Dragon,Rare,1,59.99,
LOB-060,Remove Trap,N,Legend of Blue Eyes White Dragon,Common,3,180.00,
LOB-061,Two-Pronged Attack,N,Legend of Blue Eyes White Dragon,Rare,1,90.00,
LOB-063,Typhone,N,Legend of Blue Eyes White Dragon,Common,2,99.89,
LOB-064,Beaver Warrior,N,Legend of Blue Eyes White Dragon,Common,4,103.18,
LOB-065,Gravedigger Ghoul,N,Legend of Blue Eyes White Dragon,Rare,2,345.00,
LOB-067,Karbonala Warrior,N,Legend of Blue Eyes White Dragon,Rare,2,138.60,
LOB-069,Uraby,N,Legend of Blue Eyes White Dragon,Common,6,150.15,
LOB-072,Witty Phantom,N,Legend of Blue Eyes White Dragon,Common,5,14.99,
LOB-073,Larvas,N,Legend of Blue Eyes White Dragon,Common,3,18.49,
LOB-074,Hard Armor,N,Legend of Blue Eyes White Dragon,Common,6,118.42,
LOB-075,Man Eater,N,Legend of Blue Eyes White Dragon,Common,3,107.50,
LOB-077,M-Warrior #2,N,Legend of Blue Eyes White Dragon,Common,4,65.63,
LOB-079,Armaill,N,Legend of Blue Eyes White Dragon,Common,6,65.04,
LOB-080,Terra the Terrible,N,Legend of Blue Eyes White Dragon,Common,5,150.15,
LOB-081,Frenzied Panda,N,Legend of Blue Eyes White Dragon,Common,1,24.47,
LOB-082,Kumootoko,N,Legend of Blue Eyes White Dragon,Common,5,110.74,
LOB-083,Meda Bat,N,Legend of Blue Eyes White Dragon,Common,2,134.75,
LOB-084,Enchanting Mermaid,N,Legend of Blue Eyes White Dragon,Common,2,140.00,
LOB-085,Fireyarou,N,Legend of Blue Eyes White Dragon,Common,5,65.04,
LOB-087,One-Eyed Shield Dragon,N,Legend of Blue Eyes White Dragon,Common,1,65.91,
LOB-088,Dark Energy,N,Legend of Blue Eyes White Dragon,Common,1,64.76,
LOB-090,Vile Germs,N,Legend of Blue Eyes White Dragon,Common,2,20.00,
LOB-093,Electro-Whip,N,Legend of Blue Eyes White Dragon,Common,3,70.00,
LOB-096,Machine Conversion Factory,N,Legend of Blue Eyes White Dragon,Common,1,39.99,
LOB-098,Follow Wind,N,Legend of Blue Eyes White Dragon,Common,1,150.00,
LOB-101,Swords of Revealing Light,N,Legend of Blue Eyes White Dragon,Super Rare,1,299.99,
LOB-103,Spike Seadra,N,Legend of Blue Eyes White Dragon,Common,4,70.43,
LOB-104,Tripwire Beast,N,Legend of Blue Eyes White Dragon,Common,3,60.00,
LOB-105,Skull Red Bird,N,Legend of Blue Eyes White Dragon,Common,4,399.95,
LOB-107,Flower Wolf,N,Legend of Blue Eyes White Dragon,Rare,2,199.99,
LOB-108,Man-Eater Bug,N,Legend of Blue Eyes White Dragon,Super Rare,1,1999.99,
LOB-109,Sand Stone,N,Legend of Blue Eyes White Dragon,Common,2,102.22,
LOB-110,Hane-Hane,N,Legend of Blue Eyes White Dragon,Rare,1,227.66,
LOB-111,Misairuzame,N,Legend of Blue Eyes White Dragon,Common,5,60.00,
LOB-112,Steel Ogre Grotto #1,N,Legend of Blue Eyes White Dragon,Common,3,147.93,
LOB-113,Lesser Dragon,N,Legend of Blue Eyes White Dragon,Common,1,65.63,
LOB-114,Darkworld Thorns,N,Legend of Blue Eyes White Dragon,Common,5,70.30,
LOB-115,Drooling Lizard,N,Legend of Blue Eyes White Dragon,Common,4,360.00,
LOB-116,Armored Starfish,N,Legend of Blue Eyes White Dragon,Common,2,74.32,
LOB-117,Succubus Knight,N,Legend of Blue Eyes White Dragon,Common,5,225.00,
LOB-119,Pot of Greed,N,Legend of Blue Eyes White Dragon,Rare,2,349.99,
LOB-120,,N,Legend of Blue Eyes White Dragon,,,1223.99,
LOB-121,,N,Legend of Blue Eyes White Dragon,,,745.00,
LOB-122,,N,Legend of Blue Eyes White Dragon,,,1105.75,
LOB-123,,N,Legend of Blue Eyes White Dragon,,,1214.87,
LOB-124,Exodia the Forbidden One,N,Legend of Blue Eyes White Dragon,Ultra Rare,1,4500.00,
LOD-017,Throwstone Unit,N,Legacy of Darkness,Common,1,1.95,
LOD-020,Warrior Dai Grepher,N,Legacy of Darkness,Common,2,1.95,
LOD-024,The Hunter with 7 Weapons,N,Legacy of Darkness,Common,1,1.95,
LOD-028,Reinforcement of the Army,N,Legacy of Darkness,Super Rare,1,50.00,
LOD-037,The Dragon Dwelling in the Cave,N,Legacy of Darkness,Common,3,2.60,
LOD-043,Earthquake,N,Legacy of Darkness,Common,1,72.00,
LOD-046,Stamping Destruction,N,Legacy of Darkness,Common,4,3.49,
LOD-047,Micro Ray,N,Legacy of Darkness,Common,1,16.49,
LOD-048,Light of Judgement,N,Legacy of Darkness,Common,1,3.80,
LOD-051,Robotic Knight,N,Legacy of Darkness,Common,1,1.95,
LOD-052,Wolf Axwielder,N,Legacy of Darkness,Common,1,1.95,
LOD-064,Magaraghi,N,Legacy of Darkness,Common,1,0.99,
LOD-074,Super Roboyarou,N,Legacy of Darkness,Common,1,6.55,
LOD-076,Spring of Rebirth,N,Legacy of Darkness,Common,1,4.25,
LOD-084,Convulsion of Nature,N,Legacy of Darkness,Common,2,20.00,
LOD-085,The Secret of the Bandit,N,Legacy of Darkness,Common,1,1.64,
LOD-095,Spirit's Invitation,N,Legacy of Darkness,Common,3,3.40,
LOD-096,Nutrient Z,N,Legacy of Darkness,Common,4,7.76,
LOD-098,Fiend Comedian,N,Legacy of Darkness,Common,1,9.63,
LOD-099,Last Turn,N,Legacy of Darkness,Ultra Rare,1,30.00,
LOD-108,Labyrinth of Nightmare,N,Legacy of Darkness,Common,1,no available value,
LON-002,Swordsman of Landstar,N,Labyrinth of Nightmare,Common,1,10.50,
LON-003,Humanoid Slime,N,Labyrinth of Nightmare,Common,1,87.00,
LON-004,Worm Drake,N,Labyrinth of Nightmare,Common,1,9.59,
LON-007,Flying Fish,N,Labyrinth of Nightmare,Common,1,1.67,
LON-009,Shining Abyss,N,Labyrinth of Nightmare,Common,1,19.99,
LON-010,Gadget Soldier,N,Labyrinth of Nightmare,Common,3,4.90,
LON-011,Grand Tiki Elder,N,Labyrinth of Nightmare,Common,1,3.99,
LON-012,Melchid the Four-Face Beast,N,Labyrinth of Nightmare,Common,2,4.85,
LON-014,Chosen One,N,Labyrinth of Nightmare,Common,1,1.90,
LON-016,Curse of the Masked Beast,N,Labyrinth of Nightmare,Common,1,10.50,
LON-018,Mark of Restrict,N,Labyrinth of Nightmare,Ultra Rare,1,102.99,
LON-021,Return of the Doomed,N,Labyrinth of Nightmare,Rare,1,2.56,
LON-022,Lightning Blade,N,Labyrinth of Nightmare,Common,1,4.60,
LON-023,Tornado Wall,N,Labyrinth of Nightmare,Common,1,2.99,
LON-024,Fairy Box,N,Labyrinth of Nightmare,Common,1,5.99,
LON-031,The Unfriendly Amazon,N,Labyrinth of Nightmare,Common,2,3.11,
LON-032,Amazon Archer,N,Labyrinth of Nightmare,Common,1,2.88,
LON-033,Crimson Sentry,N,Labyrinth of Nightmare,Common,2,2.44,
LON-035,Lady Assailant of Flames,N,Labyrinth of Nightmare,Common,3,3.24,
LON-036,Fire Sorcerer,N,Labyrinth of Nightmare,Common,3,10.00,
LON-038,Dancing Fairy,N,Labyrinth of Nightmare,Common,1,3.77,
LON-039,Fairy Guardian,N,Labyrinth of Nightmare,Common,1,0.99,
LON-040,Empress Mantis,N,Labyrinth of Nightmare,Common,4,1.50,
LON-041,Cure Mermaid,N,Labyrinth of Nightmare,Common,2,3.59,
LON-042,Hysteric Fairy,N,Labyrinth of Nightmare,Common,1,7.49,
LON-043,Bio-Mage,N,Labyrinth of Nightmare,Common,2,40.00,
LON-044,The Forgiving Maiden,N,Labyrinth of Nightmare,Common,2,2.89,
LON-045,St. Joan,N,Labyrinth of Nightmare,Common,2,5.99,
LON-046,Marie th Fallen One,N,Labyrinth of Nightmare,Rare,1,12.99,
LON-048,Scroll of Bewitchment,N,Labyrinth of Nightmare,Common,1,5.50,
LON-051,Offerings to the Doomed,N,Labyrinth of Nightmare,Common,2,2.49,
LON-053,The Gross Ghost of Fled Dreams,N,Labyrinth of Nightmare,Common,2,3.55,
LON-054,Headless Knight,N,Labyrinth of Nightmare,Common,1,19.00,
LON-056,The Earl of Demise,N,Labyrinth of Nightmare,Common,1,3.49,
LON-057,Boneheimer,N,Labyrinth of Nightmare,Common,2,0.99,
LON-058,Flame Dancer,N,Labyrinth of Nightmare,Common,3,5.67,
LON-059,Spherous Lady,N,Labyrinth of Nightmare,Common,2,4.99,
LON-060,Lightning Conger,N,Labyrinth of Nightmare,Common,1,1.90,
LON-063,Summoner of Illusions,N,Labyrinth of Nightmare,Common,1,6.45,
LON-066,Soul of Purity and Light,N,Labyrinth of Nightmare,Common,1,7.99,
LON-067,Spirit of Flames,N,Labyrinth of Nightmare,Common,2,2.35,
LON-068,Aqua Spirit,N,Labyrinth of Nightmare,Common,2,40.00,
LON-069,The Rock Spirit,N,Labyrinth of Nightmare,Common,3,8.97,
LON-070,Garuda the Wind Spirit,N,Labyrinth of Nightmare,Common,1,14.00,
LON-071,Gilasaurus,N,Labyrinth of Nightmare,Rare,1,4.30,
LON-073,Dreamsprite,N,Labyrinth of Nightmare,Common,1,20.00,
LON-074,Zombyra the Dark,N,Labyrinth of Nightmare,Common,1,3.50,
LON-078,Collected Power,N,Labyrinth of Nightmare,Common,1,2.44,
LON-079,Dark Spirit of the Silent,N,Labyrinth of Nightmare,Super Rare,1,250.00,
LON-082,Skull Lair,N,Labyrinth of Nightmare,Common,1,2.76,
LON-084,Deal of Phantom,N,Labyrinth of Nightmare,Common,2,1.59,
LON-086,Blind Destruction,N,Labyrinth of Nightmare,Common,1,40.00,
LON-087,The Emperor's Holiday,N,Labyrinth of Nightmare,Common,1,40.00,
LON-091,"Spirit Message ""A""",N,Labyrinth of Nightmare,Rare,1,150.00,
LON-096,Bait Doll,N,Labyrinth of Nightmare,Common,2,4.25,
LON-097,De-Fusion,N,Labyrinth of Nightmare,Super Rare,1,275.00,
LON-099,Ekibyo Drakmord,N,Labyrinth of Nightmare,Common,3,3.24,
LON-100,Miracle Dig,N,Labyrinth of Nightmare,Common,1,159.99,
LON-101,Dragonic Attack,N,Labyrinth of Nightmare,Common,2,21.99,
LON-102,Spirit Elimination,N,Labyrinth of Nightmare,Common,2,141.50,
LON-103,Vengeful Bog Spirit,N,Labyrinth of Nightmare,Common,1,21.99,
LON-104,Magic Cylinder,N,Labyrinth of Nightmare,Secret Rare,2,499.99,
MFC-003,United Resistance,N,Magician's Force,Common,1,6.99,
MFC-015,Des Dendle,N,Magician's Force,Common,1,350.00,
MFC-021,Neko Mane King,N,Magician's Force,Common,1,2.92,
MFC-022,Helping Robo For Combat,N,Magician's Force,Rare,1,1.44,
MFC-028,Frontline Base,N,Magician's Force,Common,1,10.50,
MFC-036,Raregold Armor,N,Magician's Force,Common,1,4.14,
MFC-039,Tribute Doll,N,Magician's Force,Rare,1,6.25,
MFC-045,Pineapple Blast,N,Magician's Force,Common,1,10.00,
MFC-047,Physical Double,N,Magician's Force,Common,1,1.08,
MFC-048,Rivalry of Warlords,N,Magician's Force,Common,1,15.41,
MFC-055,Great Angus,N,Magician's Force,Common,1,0.99,
MFC-057,Sonic Duck,N,Magician's Force,Common,1,1.63,
MFC-072,Magical Plant Mandragola,N,Magician's Force,Common,1,1.68,
MFC-074,Royal Magical Library,N,Magician's Force,Common,1,3.59,
MFC-092,My Body as a Shield,N,Magician's Force,Common,1,4.97,
MFC-099,Hidden Book of Spell,N,Magician's Force,Common,1,4.34,
MFC-100,Miracle Restoring,N,Magician's Force,Common,1,1302.18,
MFC-102,Disarmament,N,Magician's Force,Common,1,3499.99,
MP1-008,Megasonic Eye,N,McDonald's Promotional,Common,1,10.03,
MP1-013,Ushi Oni,N,McDonald's Promotional,Common,1,45.00,
MRD-001,Feral Imp,N,Metal Raiders,Common,4,250.00,
MRD-002,"Winged Dragon, Guardian of the Fortress #1",N,Metal Raiders,Common,175.00,
MRD-004,Rock Ogre Grotto #1,N,Metal Raiders,Common,3,3.80,
MRD-005,Armored Lizard,N,Metal Raiders,Common,1,250.00,
MRD-006,Killer Needle,N,Metal Raiders,Common,3,135.00,
MRD-007,Larvae Moth,N,Metal Raiders,Common,1,185.00,
MRD-008,Harpie Lady,N,Metal Raiders,Common,1,100.00,
MRD-009,Harpie Lady Sisters,N,Metal Raiders,Super Rare,1,575.00,
MRD-011,Cocoon of Evolution,N,Metal Raiders,Common,1,9.99,
MRD-012,Crawling Dragon,N,Metal Raiders,Common,3,3.24,
MRD-013,Armored Zombie,N,Metal Raiders,Common,2,2.60,
MRD-014,Mask of Darkness,N,Metal Raiders,Rare,1,29.99,
MRD-015,Doma The Angel of Silence,N,Metal Raiders,Common,4,1.64,
MRD-017,Big Eye,N,Metal Raiders,Common,5,1.88,
MRD-019,Masked Sorcerer,N,Metal Raiders,Rare,1,90.00,
MRD-020,Roaring Ocean Snake,N,Metal Raiders,Common,2,4.82,
MRD-021,Water Omotics,N,Metal Raiders,Common,2,7.99,
MRD-022,Ground Attacker Bugroth,N,Metal Raiders,Common,1,11.00,
MRD-024,Elegant Egotist,N,Metal Raiders,Rare,1,80.00,
MRD-029,Steel Scorpion,N,Metal Raiders,Common,2,2.54,
MRD-030,Ocubeam,N,Metal Raiders,Common,2,3.66,
MRD-033,Leogun,N,Metal Raiders,Common,1,2.90,
MRD-034,Blast Juggler,N,Metal Raiders,Common,2,4.90,
MRD-036,Magician of Faith,N,Metal Raiders,Rare,3,110.78,
MRD-038,Deepsea Shark,N,Metal Raiders,Common,2,20.00,
MRD-039,Bottom Dweller,N,Metal Raiders,Common,1,1.23,
MRD-041,Kaminari Attack,N,Metal Raiders,Common,1,42.99,
MRD-044,Mega Thunderball,N,Metal Raiders,Common,1,3.54,
MRD-045,Tongyo,N,Metal Raiders,Common,3,1.41,
MRD-046,Empress Judge,N,Metal Raiders,Common,1,4.82,
MRD-047,Pale Beast,N,Metal Raiders,Common,1,20.50,
MRD-048,Electric Lizard,N,Metal Raiders,Common,2,44.80,
MRD-049,Hunter Spider,N,Metal Raiders,Common,2,4.69,
MRD-050,Ancient Lizard Warrior,N,Metal Raiders,Common,2,2.43,
MRD-051,Queen's Double,N,Metal Raiders,Common,2,3.90,
MRD-052,Trent,N,Metal Raiders,Common,1,4.00,
MRD-054,Hyosube,N,Metal Raiders,Common,2,31.23,
MRD-055,Hibikime,N,Metal Raiders,Common,1,120.00,
MRD-058,Soul Release,N,Metal Raiders,Common,2,3.79,
MRD-059,The Cheerful Coffin,N,Metal Raiders,Common,3,3.50,
MRD-061,Baby Dragon,N,Metal Raiders,Common,1,159.99,
MRD-062,Blackland Fire Dragon,N,Metal Raiders,Common,3,5.09,
MRD-064,Battle Steer,N,Metal Raiders,Common,3,1.99,
MRD-066,Saggi the Dark Clown,N,Metal Raiders,Common,1,4.35,
MRD-067,Dragon Piper,N,Metal Raiders,Common,1,2.75,
MRD-068,Illusionist Faceless Mage,N,Metal Raiders,Common,2,185.00,
MRD-069,Sangan,N,Metal Raiders,Rare,1,73.70,
MRD-072,Jellyfish,N,Metal Raiders,Common,6,2.99,
MRD-073,Castle of Dark Illusions,N,Metal Raiders,Common,4,12.00,
MRD-074,King of Yamimakai,N,Metal Raiders,Common,1,7.90,
MRD-075,Catapult Turtle,N,Metal Raiders,Super Rare,1,262.00,
MRD-076,Mystic Horseman,N,Metal Raiders,Common,1,2.86,
MRD-077,Rabid Horseman,N,Metal Raiders,Common,1,4.31,
MRD-079,Pumpking the King of Ghosts,N,Metal Raiders,Common,1,11.00,
MRD-080,Dream Clown,N,Metal Raiders,Common,2,15.00,
MRD-081,Tainted Wisdom,N,Metal Raiders,Common,1,2.38,
MRD-082,Ancient Brain,N,Metal Raiders,Common,2,35.00,
MRD-083,Guardian of the Labrynth,N,Metal Raiders,Common,2,4.90,
MRD-084,Prevent Rat,N,Metal Raiders,Common,5,1.71,
MRD-085,The Little Swordsman of Aile,N,Metal Raiders,Common,2,1.44,
MRD-086,Princess of Tsurugi,N,Metal Raiders,Rare,2,17.99,
MRD-087,Protector of the Throne,N,Metal Raiders,Common,2,3.84,
MRD-088,Tremendous Fire,N,Metal Raiders,Common,1,11.29,
MRD-089,Jirai Gumo,N,Metal Raiders,Common,1,1.60,
MRD-090,Shadow Ghoui,N,Metal Raiders,Rare,1,118.24,
MRD-091,Labyrinth Tank,N,Metal Raiders,Common,1,4.99,
MRD-092,Ryu-Kishin Powered,N,Metal Raiders,Common,1,1.90,
MRD-093,Bickuribox,N,Metal Raiders,Common,2,5.82,
MRD-094,Giltia the D. Knight,N,Metal Raiders,Common,3,5.75,
MRD-095,Launcher Spider,N,Metal Raiders,Common,1,5.99,
MRD-096,Giga-Tech Wolf,N,Metal Raiders,Common,2,4.20,
MRD-097,Thunder Dragon,N,Metal Raiders,Common,1,44.99,
MRD-098,7 Colored Fish,N,Metal Raiders,Common,3,3.98,
MRD-099,The Immortal of Thunder,N,Metal Raiders,Common,1,1.32,
MRD-101,Insect Soldiers of the Sky,N,Metal Raiders,Common,3,64.95,
MRD-102,Hoshiningen,N,Metal Raiders,Rare,1,64.95,
MRD-103,Musician King,N,Metal Raiders,Common,4,4.99,
MRD-105,Cyber Saurus,N,Metal Raiders,Common,3,40.00,
MRD-106,Cannon Soldier,N,Metal Raiders,Rare,2,59.99,
MRD-108,The Bistro Butcher,N,Metal Raiders,Common,1,180.00,
MRD-110,Milus Radiant,N,Metal Raiders,Rare,1,6.25,
MRD-111,Flame Cerebrus,N,Metal Raiders,Common,2,2.86,
MRD-112,Niwatori,N,Metal Raiders,Common,3,6.50,
MRD-113,Dark Elf,N,Metal Raiders,Rare,1,60.00,
MRD-114,Mushroom Man #2,N,Metal Raiders,Common,1,2.60,
MRD-117,Little Chimera,N,Metal Raiders,Rare,2,12.00,
MRD-119,Lady of Faith,N,Metal Raiders,Common,2,4.02,
MRD-121,Witch's Apprentice,N,Metal Raiders,Rare,1,125.00,
MRD-122,Blue-Winged Crown,N,Metal Raiders,Common,1,157.42,
MRD-124,Gazelle the King of Mythical Beasts,N,Metal Raiders,Common,3,2.86,
MRD-132,Sword of Deep-Seated,N,Metal Raiders,Common,2,10.84,
MRD-133,Block Attack,N,Metal Raiders,Common,2,1.93,
MRD-136,Germ Infection,N,Metal Raiders,Common,1,2.99,
MRD-137,Paralyzing Potion,N,Metal Raiders,Common,1,40.00,
MRD-139,Ring of Magnetism,N,Metal Raiders,Common,1,22.46,
MRD-140,Share the Pain,N,Metal Raiders,Common,1,7.90,
MRL-001,Penguin Knight,N,Magic Ruler,Common,2,87.00,
MRL-004,Horn of Light,N,Magic Ruler,Common,1,8.98,
MRL-005,Malevolent Nuzzler,N,Magic Ruler,Common,2,1.90,
MRL-007,Metal Fish,N,Magic Ruler,Common,1,30.83,
MRL-008,Electric Snake,N,Magic Ruler,Common,3,2.49,
MRL-009,Queen Bird,N,Magic Ruler,Common,2,2.49,
MRL-010,Ameba,N,Magic Ruler,Rare,2,9.99,
MRL-011,Peacock,N,Magic Ruler,Common,3,2.49,
MRL-013,Guardian of the Throne Room,N,Magic Ruler,Common,3,4.75,
MRL-014,Fire Kraken,N,Magic Ruler,Common,3,4.14,
MRL-015,Minar,N,Magic Ruler,Common,2,1.84,
MRL-016,Griggle,N,Magic Ruler,Common,2,2.86,
MRL-017,Typhone #2,N,Magic Ruler,Common,3,3.07,
MRL-018,Ancient One of the Deep Forest,N,Magic Ruler,Common,2,11.99,
MRL-019,Dark Witch,N,Magic Ruler,Common,3,3.90,
MRL-020,Weather Report,N,Magic Ruler,Common,3,2.35,
MRL-021,Mechanical Snail,N,Magic Ruler,Common,3,2.48,
MRL-022,Giant Turtle Who Feeds on Flames,N,Magic Ruler,Common,3,7.10,
MRL-023,Liquid Beast,N,Magic Ruler,Common,3,3.76,
MRL-024,Hiro's Shadow Scout,N,Magic Ruler,Rare,1,40.00,
MRL-025,High Tide Gyojin,N,Magic Ruler,Common,2,40.00,
MRL-027,Whiptail Crow,N,Magic Ruler,Common,1,4.69,
MRL-028,Slot Machine,N,Magic Ruler,Common,1,8.98,
MRL-030,Red Archery Girl,N,Magic Ruler,Common,3,3.99,
MRL-032,Curse of Fiend,N,Magic Ruler,Common,1,4.98,
MRL-033,Upstart Goblin,N,Magic Ruler,Common,4,15.90,
MRL-034,Toll,N,Magic Ruler,Common,1,8.90,
MRL-035,Final Destiny,N,Magic Ruler,Common,3,2.90,
MRL-037,Chorus of Sanctuary,N,Magic Ruler,Common,3,3.00,
MRL-040,Darkness Approaches,N,Magic Ruler,Common,4,4.90,
MRL-043,Rush Recklessly,N,Magic Ruler,Rare,1,5.31,
MRL-044,The Reliable Guardian,N,Magic Ruler,Common,2,2.49,
MRL-046,Chain Energy,N,Magic Ruler,Common,2,9.99,
MRL-048,Giant Trunade,N,Magic Ruler,Super Rare,1,208.89,
MRL-050,Snake Fang,N,Magic Ruler,Common,3,10.50,
MRL-052,Octoberser,N,Magic Ruler,Common,3,15.99,
MRL-053,Psychic Kappa,N,Magic Ruler,Common,2,3.49,
MRL-054,Horn of the Unicorn,N,Magic Ruler,Rare,1,35.00,
MRL-055,Labyrinth Wall,N,Magic Ruler,Common,4,75.00,
MRL-056,Wall Shadow,N,Magic Ruler,Common,2,2.99,
MRL-057,Twin Long Rods #2,N,Magic Ruler,Common,2,4.29,
MRL-058,Stone Ogre Grotto,N,Magic Ruler,Common,2,0.99,
MRL-059,Magical Labyrinth,N,Magic Ruler,Common,4,2.49,
MRL-062,Commencement Dance,N,Magic Ruler,Common,1,74.99,
MRL-063,Hamburger Recipe,N,Magic Ruler,Common,2,50.00,
MRL-064,House of Adhesive Tape,N,Magic Ruler,Common,3,5.00,
MRL-065,Eatgaboon,N,Magic Ruler,Common,3,25.50,
MRL-066,Turtle Oath,N,Magic Ruler,Common,2,20.00,
MRL-067,Performance of Sword,N,Magic Ruler,Common,3,4.99,
MRL-069,Crab Turtle,N,Magic Ruler,Common,1,3.40,
MRL-070,Ryu-Ran,N,Magic Ruler,Common,3,7.10,
MRL-071,Manga Ryu-Ran,N,Magic Ruler,Rare,1,43.95,
MRL-074,Jigen Bakudan,N,Magic Ruler,Common,2,6.99,
MRL-075,Hyozanryu,N,Magic Ruler,Rare,1,107.50,
MRL-077,Cyber Jar,N,Magic Ruler,Rare,1,29.99,
MRL-080,Senju of the Thousand Hands,N,Magic Ruler,Rare,1,49.99,
MRL-081,UFO Turtle,N,Magic Ruler,Rare,1,15.00,
MRL-082,Flash Assailant,N,Magic Ruler,Common,2,2.10,
MRL-083,Karate Man,N,Magic Ruler,Rare,3,19.50,
MRL-084,Dark Zebra,N,Magic Ruler,Common,4,18.99,
MRL-088,Shining Angel,N,Magic Ruler,Rare,1,15.00,
MRL-089,Boar Soldier,N,Magic Ruler,Common,1,3.54,
MRL-092,Ceremonial Bell,N,Magic Ruler,Common,4,1.99,
MRL-093,Sonic Bird,N,Magic Ruler,Common,3,5.00,
MRL-095,Kotodama,N,Magic Ruler,Common,4,23.00,
MRL-096,Gaia Power,N,Magic Ruler,Common,1,2.55,
MRL-097,Umiiruka,N,Magic Ruler,Common,1,4.99,
MRL-100,Luminous Spark,N,Magic Ruler,Common,2,10.44,
MRL-101,Mystic Plasma Zone,N,Magic Ruler,Common,1,21.99,
MRL-102,Messenger of Peace,N,Magic Ruler,Super Rare,1,49.99,
P5-08,Widespread Ruin,N,Premium Pack 5 (Japanese),Ultra Rare,1,36.00,
PGD-001,Molten Behemoth,N,Pharaonic Guardian,Common,2,54.99,
PGD-002,Shapesnatch,N,Pharaonic Guardian,Common,1,2.99,
PGD-003,Souleater,N,Pharaonic Guardian,Common,2,1.68,
PGD-004,King Tiger Wanghu,N,Pharaonic Guardian,Rare,1,5.00,
PGD-005,Birdface,N,Pharaonic Guardian,Common,2,1.67,
PGD-006,Kryuel,N,Pharaonic Guardian,Common,3,4.49,
PGD-007,Arsenal Bug,N,Pharaonic Guardian,Common,2,7.75,
PGD-009,Jowls of Dark Demise,N,Pharaonic Guardian,Rare,2,8.99,
PGD-010,Timeater,N,Pharaonic Guardian,Common,3,2.02,
PGD-012,Servant of Catabolism,N,Pharaonic Guardian,Common,2,2.19,
PGD-014,Gora Turtle,N,Pharaonic Guardian,Rare,1,2.32,
PGD-016,Poison Mummy,N,Pharaonic Guardian,Common,3,3.24,
PGD-017,Dark Dust Spirit,N,Pharaonic Guardian,Common,1,5.99,
PGD-018,Royal Keeper,N,Pharaonic Guardian,Common,2,2.47,
PGD-021,Swarm of Scarabs,N,Pharaonic Guardian,Common,3,3.63,
PGD-022,Swarm of Locusts,N,Pharaonic Guardian,Common,3,4.93,
PGD-023,Giant Axe Mummy,N,Pharaonic Guardian,Common,2,1.65,
PGD-024,8-Claws Scorpion,N,Pharaonic Guardian,Common,4,1.90,
PGD-026,Pyramid Turtle,N,Pharaonic Guardian,Rare,1,2.89,
PGD-028,Dark Scorpion Burglars,N,Pharaonic Guardian,Common,1,2.59,
PGD-030,Des Lacooda,N,Pharaonic Guardian,Common,2,2.42,
PGD-033,Book of Life,N,Pharaonic Guardian,Super Rare,1,129.99,
PGD-034,Book of Taiyou,N,Pharaonic Guardian,Common,1,9.99,
PGD-035,Book of Moon,N,Pharaonic Guardian,Rare,1,16.50,
PGD-037,Secret Pass to the Treasures,N,Pharaonic Guardian,Common,2,3.76,
PGD-038,Call of the Mummy,N,Pharaonic Guardian,Common,2,2.49,
PGD-039,Timidity,N,Pharaonic Guardian,Common,2,1.49,
PGD-040,Pyramid Energy,N,Pharaonic Guardian,Common,2,1.57,
PGD-041,Tutan Mask,N,Pharaonic Guardian,Common,3,1.53,
PGD-043,Bottomless Shifting Sand,N,Pharaonic Guardian,Common,2,2.28,
PGD-044,Curse of Royal,N,Pharaonic Guardian,Rare,1,4.02,
PGD-045,Needle Ceiling,N,Pharaonic Guardian,Common,1,3.70,
PGD-046,Statue of the Wicked,N,Pharaonic Guardian,Super Rare,1,144.99,
PGD-048,Needle Wall,N,Pharaonic Guardian,Common,4,2.38,
PGD-049,Trap Dustshoot,N,Pharaonic Guardian,Common,3,12.00,
PGD-050,Pyro Clock of Destiny,N,Pharaonic Guardian,Common,3,5.69,
PGD-052,Pharaoh's Treasure,N,Pharaonic Guardian,Rare,1,2.13,
PGD-053,Master Kyonshee,N,Pharaonic Guardian,Common,2,5.99,
PGD-054,Kerbazauls,N,Pharaonic Guardian,Common,3,2.05,
PGD-055,Inpachi,N,Pharaonic Guardian,Common,1,5.26,
PGD-058,Helpoemer,N,Pharaonic Guardian,Ultra Rare,1,429.99,
PGD-060,Gravekeeper's Curse,N,Pharaonic Guardian,Common,3,3.76,
PGD-061,Gravekeeper's Guard,N,Pharaonic Guardian,Common,2,5.55,
PGD-063,Gravekeeper's Vassal,N,Pharaonic Guardian,Common,4,5.01,
PGD-066,Gravekeeper's Cannonholder,N,Pharaonic Guardian,Common,1,0.99,
PGD-067,Gravekeeper's Assailant,N,Pharaonic Guardian,Common,2,6.50,
PGD-068,A Man with Wdjat,N,Pharaonic Guardian,Common,3,3.00,
PGD-069,Mystical Knight of Jackal,N,Pharaonic Guardian,Ultra Rare,1,499.99,
PGD-070,A Cat of Ill Omen,N,Pharaonic Guardian,Common,1,8.99,
PGD-071,Yomi Ship,N,Pharaonic Guardian,Common,2,25.06,
PGD-072,Winged Sage Falcos,N,Pharaonic Guardian,Rare,1,3.89,
PGD-073,An Owl of Luck,N,Pharaonic Guardian,Common,1,2.55,
PGD-074,Charm of Shabti,N,Pharaonic Guardian,Common,2,5.80,
PGD-075,Cobra Jar,N,Pharaonic Guardian,Common,1,2.46,
PGD-076,Spirit Reaper,N,Pharaonic Guardian,Rare,1,12.99,
PGD-077,Nightmare Horse,N,Pharaonic Guardian,Common,1,5.08,
PGD-080,Card Shuffle,N,Pharaonic Guardian,Common,3,2.49,
PGD-081,Reasoning,N,Pharaonic Guardian,Common,2,5.99,
PGD-083,Different Dimension Capsule,N,Pharaonic Guardian,Common,3,19.99,
PGD-085,Buster Rancher,N,Pharaonic Guardian,Common,3,2.90,
PGD-086,Hieroglyph Lithograph,N,Pharaonic Guardian,Common,2,2.49,
PGD-087,Dark Snake Syndrome,N,Pharaonic Guardian,Common,2,4.18,
PGD-089,Banner of Courage,N,Pharaonic Guardian,Common,3,1.89,
PGD-090,Metamorphosis,N,Pharaonic Guardian,Common,2,29.99,
PGD-091,Royal Tribute,N,Pharaonic Guardian,Common,2,14.50,
PGD-092,Reversal Quiz,N,Pharaonic Guardian,Common,1,2.81,
PGD-093,Coffin Seller,N,Pharaonic Guardian,Rare,1,4.99,
PGD-094,Curse of Aging,N,Pharaonic Guardian,Common,3,2.10,
PGD-095,Barrel Behind the Door,N,Pharaonic Guardian,Super Rare,1,23.00,
PGD-096,Raigeki Break,N,Pharaonic Guardian,Common,1,11.29,
PGD-097,Narrow Pass,N,Pharaonic Guardian,Common,3,16.33,
PGD-098,Disturbance Strategy,N,Pharaonic Guardian,Common,2,4.57,
PGD-100,Rite of Spirit,N,Pharaonic Guardian,Common,2,7.50,
PGD-101,Non Aggression Area,N,Pharaonic Guardian,Common,1,2.32,
PGD-102,D. Tribe,N,Pharaonic Guardian,Common,2,54.99,
PGD-103,,N,Pharaonic Guardian,Common,1,179.99,
PGD-104,,N,Pharaonic Guardian,Common,1,59.99,
PSV-001,Steel Ogre Grotto #2,N,Pharaoh's Servant,Common,1,30.00,
PSV-002,Three-Headed Geedo,N,Pharaoh's Servant,Common,1,49.99,
PSV-003,Parasite Paracide,N,Pharaoh's Servant,Super Rare,1,99.99,
PSV-004,7 Completed,N,Pharaoh's Servant,Common,1,30.00,
PSV-010,The Eye of Truth,N,Pharaoh's Servant,Common,1,2.00,
PSV-013,Solomon's Lawbook,N,Pharaoh's Servant,Common,1,25.79,
PSV-014,Earthshaker,N,Pharaoh's Servant,Common,1,2.90,
PSV-015,Enchanted Javelin,N,Pharaoh's Servant,Common,2,4.90,
PSV-017,Gust,N,Pharaoh's Servant,Common,4,9.99,
PSV-018,Driving Snow,N,Pharaoh's Servant,Common,4,2.90,
PSV-019,Armored Glass,N,Pharaoh's Servant,Common,2,9.99,
PSV-020,World Suppression,N,Pharaoh's Servant,Common,1,2.90,
PSV-021,Mystic Probe,N,Pharaoh's Servant,Common,2,2.90,
PSV-022,Metal Detector,N,Pharaoh's Servant,Common,3,3.90,
PSV-024,Appropriate,N,Pharaoh's Servant,Rare,1,23.21,
PSV-025,,N,Pharaoh's Servant,Common,1,3.70,
PSV-026,DNA Surgery,N,Pharaoh's Servant,Common,1,18.39,
PSV-027,The Regulation of Tribe,N,Pharaoh's Servant,Common,2,3.24,
PSV-031,Light of Intervention,N,Pharaoh's Servant,Common,3,3.75,
PSV-032,Respect Play,N,Pharaoh's Servant,Common,1,5.00,
PSV-034,Nobleman of Crossout,N,Pharaoh's Servant,Super Rare,1,105.00,
PSV-035,Nobleman of Extermination,N,Pharaoh's Servant,Rare,1,9.95,
PSV-036,The Shallow Grave,N,Pharaoh's Servant,Rare,1,9.99,
PSV-041,Flame Champion,N,Pharaoh's Servant,Common,1,6.50,
PSV-042,Twin-Headed Fire Dragon,N,Pharaoh's Servant,Common,3,6.99,
PSV-043,Darkfire Soldier #1,N,Pharaoh's Servant,Common,2,4.82,
PSV-044,Mr. Volcano,N,Pharaoh's Servant,Common,3,1.95,
PSV-045,Darkfire Soldier #2,N,Pharaoh's Servant,Common,4,3.24,
PSV-046,Kiseitai,N,Pharaoh's Servant,Common,1,8.51,
PSV-047,Cyber Falcon,N,Pharaoh's Servant,Common,2,2.99,
PSV-048,Flying Kamakiri #2,N,Pharaoh's Servant,Common,3,9.14,
PSV-049,Harpie's Brother,N,Pharaoh's Servant,Common,2,5.00,
PSV-050,Buster Blader,N,Pharaoh's Servant,Ultra Rare,1,456.63,
PSV-051,Michizure,N,Pharaoh's Servant,Rare,1,38.93,
PSV-053,Gamble,N,Pharaoh's Servant,Common,2,4.00,
PSV-057,Bubonic Vermin,N,Pharaoh's Servant,Common,1,3.24,
PSV-058,Dark Bat,N,Pharaoh's Servant,Common,1,2.90,
PSV-059,Oni Tank T-34,N,Pharaoh's Servant,Common,1,60.00,
PSV-061,Burning Land,N,Pharaoh's Servant,Common,2,79.99,
PSV-062,Cold Wave,N,Pharaoh's Servant,Common,2,75.78,
PSV-065,Rain of Mercy,N,Pharaoh's Servant,Common,3,3.24,
PSV-068,Insect Imitation,N,Pharaoh's Servant,Common,1,9.79,
PSV-070,Ground Collapse,N,Pharaoh's Servant,Common,1,5.45,
PSV-071,Magic Drain,N,Pharaoh's Servant,Rare,1,23.99,
PSV-072,Infinite Dismissal,N,Pharaoh's Servant,Common,1,1.95,
PSV-074,Type Zero Magic Crusher,N,Pharaoh's Servant,Common,4,5.55,
PSV-075,Shadow of Eyes,N,Pharaoh's Servant,Common,2,4.00,
PSV-078,Drill Bug,N,Pharaoh's Servant,Common,2,2.49,
PSV-079,Deepsea Warrior,N,Pharaoh's Servant,Common,1,2.60,
PSV-080,Bite Shoes,N,Pharaoh's Servant,Common,3,1.02,
PSV-081,Spikebot,N,Pharaoh's Servant,Common,3,6.00,
PSV-082,Invitation to a Dark Sleep,N,Pharaoh's Servant,Common,3,4.02,
PSV-083,Thousand-Eyes Idol,N,Pharaoh's Servant,Common,1,95.00,
PSV-085,Girochin Kuwagata,N,Pharaoh's Servant,Common,1,2.95,
PSV-086,Hayabusa Knight,N,Pharaoh's Servant,Rare,1,23.43,
PSV-087,Bombardment Beetle,N,Pharaoh's Servant,Common,1,1.95,
PSV-088,4-Starred Ladybug of Doom,N,Pharaoh's Servant,Common,3,20.00,
PSV-090,Red-Moon Baby,N,Pharaoh's Servant,Rare,1,7.07,
PSV-093,The All-Seeing White Tiger,N,Pharaoh's Servant,Common,1,2.15,
PSV-095,Island Turtle,N,Pharaoh's Servant,Common,1,3.03,
PSV-096,Wingweaver,N,Pharaoh's Servant,Common,2,5.02,
PSV-097,Science Soldier,N,Pharaoh's Servant,Common,1,1.95,
PSV-098,Souls of the Forgotten,N,Pharaoh's Servant,Common,3,2.90,
PSV-099,Dokuroyaiba,N,Pharaoh's Servant,Common,1,0.99,
PSV-102,Insect Barrier,N,Pharaoh's Servant,Common,2,5.20,
PSV-104,Imperial Order,N,Pharaoh's Servant,Secret Rare,1,1499.99,
SDD-001,Valkyrion the Magna Warrior,N,Stairway to the Destined Duel,Secret Rare,1,305.00,
SDJ-002,Swordsman of Landstar,N,Starter Deck: Joey,Common,1,17.00,
SDJ-003,Baby Dragon,N,Starter Deck: Joey,Common,1,10.99,
SDJ-004,Spirit of the Harp,N,Starter Deck: Joey,Common,1,3.80,
SDJ-005,Island Turtle,N,Starter Deck: Joey,Common,1,100.00,
SDJ-006,Flame Manipulator,N,Starter Deck: Joey,Common,1,349.95,
SDJ-007,Masaki the Legendary Swordsman,N,Starter Deck: Joey,Common,1,7.75,
SDJ-008,7 Colored Fish,N,Starter Deck: Joey,Common,1,500.00,
SDJ-009,Armored Lizard,N,Starter Deck: Joey,Common,1,50.00,
SDJ-010,Darkfire Soldier #1,N,Starter Deck: Joey,Common,1,2.00,
SDJ-011,Harpie's Brother,N,Starter Deck: Joey,Common,1,5.42,
SDJ-012,Gearfried the Iron Knight,N,Starter Deck: Joey,Common,1,4.63,
SDJ-013,Karate Man,N,Starter Deck: Joey,Common,1,1.50,
SDJ-014,Milus Radiant,N,Starter Deck: Joey,Common,1,2.08,
SDJ-015,Time Wizard,N,Starter Deck: Joey,Common,1,12.41,
SDJ-016,Maha Vailo,N,Starter Deck: Joey,Common,1,21.00,
SDJ-017,Magician of Faith,N,Starter Deck: Joey,Common,1,3.49,
SDJ-018,Big Eye,N,Starter Deck: Joey,Common,1,40.00,
SDJ-019,Sangan,N,Starter Deck: Joey,Common,2,7.45,
SDJ-020,Princess of Tsurugi,N,Starter Deck: Joey,Common,1,3.23,
SDJ-021,White Magical Hat,N,Starter Deck: Joey,Common,1,4.00,
SDJ-022,Penguin Soldier,N,Starter Deck: Joey,Super Rare,1,60.00,
SDJ-023,Thousand Dragon,N,Starter Deck: Joey,Common,1,6.00,
SDJ-024,Flame Swordsman,N,Starter Deck: Joey,Common,1,12.41,
SDJ-025,Malevolent Nuzzler,N,Starter Deck: Joey,Common,1,4.06,
SDJ-026,Dark Hole,N,Starter Deck: Joey,Common,1,3.21,
SDJ-027,Dian Keto the Cure Master,N,Starter Deck: Joey,Common,1,3.21,
SDJ-028,Fissure,N,Starter Deck: Joey,Common,1,3.11,
SDJ-029,De-Spell,N,Starter Deck: Joey,Common,1,5.22,
SDJ-030,Changer of Heart,N,Starter Deck: Joey,Common,1,6.95,
SDJ-031,Block Attack,N,Starter Deck: Joey,Common,1,12.41,
SDJ-032,Giant Trunade,N,Starter Deck: Joey,Common,1,2.99,
SDJ-033,Reliable Guardian,N,Starter Deck: Joey,Common,1,2.84,
SDJ-034,Remove Trap,N,Starter Deck: Joey,Common,1,4.97,
SDJ-035,Monster Reborn,N,Starter Deck: Joey,Common,1,5.22,
SDJ-036,Poymerization,N,Starter Deck: Joey,Common,1,7.39,
SDJ-037,Mountain,N,Starter Deck: Joey,Common,1,2.85,
SDJ-038,Dragon Treasure,N,Starter Deck: Joey,Common,1,4.90,
SDJ-039,Eternal Rest,N,Starter Deck: Joey,Common,2,2.50,
SDJ-040,Shield & Sword,N,Starter Deck: Joey,Common,1,12.41,
SDJ-041,Scapegoat,N,Starter Deck: Joey,Super Rare,1,139.99,
SDJ-042,Just Desserts,N,Starter Deck: Joey,Common,1,7.90,
SDJ-043,Trap Hole,N,Starter Deck: Joey,Common,1,4.74,
SDJ-044,Reinforcements,N,Starter Deck: Joey,Common,1,1.61,
SDJ-045,Castle Walls,N,Starter Deck: Joey,Common,1,2.00,
SDJ-046,Waboku,N,Starter Deck: Joey,Common,2,3.99,
SDJ-047,Ultimate Offering,N,Starter Deck: Joey,Common,1,3.21,
SDJ-048,Seven Tools of the Bandit,N,Starter Deck: Joey,Common,1,3.24,
SDJ-049,Fake Trap,N,Starter Deck: Joey,Common,1,no available value,
SDJ-050,Reverse Trap,N,Starter Deck: Joey,Common,1,121.91,
SDK-001,Blue Eyes White Dragon,N,Starter Deck: Kaiba,Ultra Rare,1,5000.00,
SDK-002,Hitotsu-Me Giant,N,Starter Deck: Kaiba,Common,4,713.55,
SDK-003,Ryu-Kishin,N,Starter Deck: Kaiba,Common,3,600.00,
SDK-004,The Wicked Worm Beast,N,Starter Deck: Kaiba,Common,4,20.50,
SDK-005,Battle Ox,N,Starter Deck: Kaiba,Common,4,16.00,
SDK-006,Koumori Dragon,N,Starter Deck: Kaiba,Common,3,1749.00,
SDK-007,Judge Man,N,Starter Deck: Kaiba,Common,3,3.06,
SDK-008,Rogue Doll,N,Starter Deck: Kaiba,Common,3,2.58,
SDK-009,Kojikocy,N,Starter Deck: Kaiba,Common,3,60.00,
SDK-010,Uraby,N,Starter Deck: Kaiba,Common,4,14.99,
SDK-011,Gyakutenno Megami,N,Starter Deck: Kaiba,Common,3,9.99,
SDK-012,Mystic Horseman,N,Starter Deck: Kaiba,Common,3,25.03,
SDK-013,Terra the Terrible,N,Starter Deck: Kaiba,Common,4,2.58,
SDK-014,Dark Titan of Terror,N,Starter Deck: Kaiba,Common,4,2.86,
SDK-015,Dark Assailant,N,Starter Deck: Kaiba,Common,4,4.06,
SDK-016,Master & Expert,N,Starter Deck: Kaiba,Common,3,3.69,
SDK-017,Unkown Warrior of Fiend,N,Starter Deck: Kaiba,Common,3,4.99,
SDK-018,Mystic Clown,N,Starter Deck: Kaiba,Common,4,100.00,
SDK-019,Ogre of the Black Shadow,N,Starter Deck: Kaiba,Common,4,5.52,
SDK-020,Dark Energy,N,Starter Deck: Kaiba,Common,2,20.00,
SDK-021,Invigoration,N,Starter Deck: Kaiba,Common,3,3.67,
SDK-022,Dark Hole,N,Starter Deck: Kaiba,Common,4,20.00,
SDK-023,Ookazi,N,Starter Deck: Kaiba,Common,4,3.18,
SDK-024,Ryu-Kishin Powered,N,Starter Deck: Kaiba,Common,5,40.00,
SDK-025,Swordstalker,N,Starter Deck: Kaiba,Common,2,40.00,
SDK-026,La Jinn the Mystical Genie of the Lamp,N,Starter Deck: Kaiba,Common,3,4.50,
SDK-027,Rude Kaiser,N,Starter Deck: Kaiba,Common,3,8.99,
SDK-028,Destroyer Golem,N,Starter Deck: Kaiba,Common,3,2.58,
SDK-029,Skull Red Bird,N,Starter Deck: Kaiba,Common,5,5.22,
SDK-030,D. Human,N,Starter Deck: Kaiba,Common,3,3.25,
SDK-031,Pale Beast,N,Starter Deck: Kaiba,Common,4,2.58,
SDK-032,Fissure,N,Starter Deck: Kaiba,Common,4,4.60,
SDK-033,Trap Hole,N,Starter Deck: Kaiba,Common,3,3.99,
SDK-034,Two-Pronged Attack,N,Starter Deck: Kaiba,Common,3,3.74,
SDK-035,De-Spell,N,Starter Deck: Kaiba,Common,4,5.22,
SDK-036,Monster Reborn,N,Starter Deck: Kaiba,Common,4,7.99,
SDK-037,The Inexperienced Spy,N,Starter Deck: Kaiba,Common,2,1.05,
SDK-038,Reinforcements,N,Starter Deck: Kaiba,Common,3,19.99,
SDK-039,Ancient Telescope,N,Starter Deck: Kaiba,Common,2,3.14,
SDK-040,Just Desserts,N,Starter Deck: Kaiba,Common,2,30.00,
SDK-041,Lord of D.,N,Starter Deck: Kaiba,Super Rare,3,133.04,
SDK-042,The Flute of Summoning Dragon,N,Starter Deck: Kaiba,Super Rare,3,19.99,
SDK-043,Mysterious Puppeteer,N,Starter Deck: Kaiba,Common,3,3.75,
SDK-044,Trap Master,N,Starter Deck: Kaiba,Common,4,4.99,
SDK-045,Sogen,N,Starter Deck: Kaiba,Common,3,2.95,
SDK-046,Hane-Hane,N,Starter Deck: Kaiba,Common,3,3.69,
SDK-047,Reverse Trap,N,Starter Deck: Kaiba,Common,3,7.06,
SDK-048,Remove Trap,N,Starter Deck: Kaiba,Common,3,2.21,
SDK-049,Castle Walls,N,Starter Deck: Kaiba,Common,5,2.58,
SDK-050,Ultimate Offering,N,Starter Deck: Kaiba,Common,3,100.00,
SDP-001,Relinquished,N,Starter Deck: Pegasus,Ultra Rare,1,100.00,
SDP-002,Red Archery Girl,N,Starter Deck: Pegasus,Common,2,40.44,
SDP-003,Ryu-Ran,N,Starter Deck: Pegasus,Common,3,7.10,
SDP-004,Illusionist Faceless Mage,N,Starter Deck: Pegasus,Common,1,30.00,
SDP-005,Rogue Doll,N,Starter Deck: Pegasus,Common,2,4.56,
SDP-006,Uraby,N,Starter Deck: Pegasus,Common,2,80.00,
SDP-007,Giant Soldier of Stone,N,Starter Deck: Pegasus,Common,1,40.00,
SDP-008,Aqua Madoor,N,Starter Deck: Pegasus,Common,2,2.86,
SDP-009,Toon Alligator,N,Starter Deck: Pegasus,Common,1,6.97,
SDP-010,Hane-Hane,N,Starter Deck: Pegasus,Common,2,15.79,
SDP-011,Sonic Bird,N,Starter Deck: Pegasus,Common,2,2.99,
SDP-012,Jigen Bakudan,N,Starter Deck: Pegasus,Common,2,50.00,
SDP-013,Mask of Darkness,N,Starter Deck: Pegasus,Common,2,4.78,
SDP-014,Witch of the Black Forest,N,Starter Deck: Pegasus,Common,2,3.99,
SDP-015,Man-Eater Bug,N,Starter Deck: Pegasus,Common,1,12.41,
SDP-016,Muka Muka,N,Starter Deck: Pegasus,Common,2,1.27,
SDP-017,Dream Clown,N,Starter Deck: Pegasus,Common,2,4.51,
SDP-018,Armed Ninja,N,Starter Deck: Pegasus,Common,2,8.95,
SDP-019,Hiro's Shadow Scout,N,Starter Deck: Pegasus,Common,2,2.22,
SDP-020,Blue-Eyes Toon Dragon,N,Starter Deck: Pegasus,Common,1,105.14,
SDP-022,Manga Ryu-Ran,N,Starter Deck: Pegasus,Common,1,7.99,
SDP-023,,N,Starter Deck: Pegasus,Common,1,10.98,
SDP-024,Toon World,N,Starter Deck: Pegasus,Common,1,22.00,
SDP-025,Black Pendant,N,Starter Deck: Pegasus,Common,2,1.71,
SDP-026,Dark Hole,N,Starter Deck: Pegasus,Common,2,3.70,
SDP-027,Dian Keto the Cure Master,N,Starter Deck: Pegasus,Common,2,2.86,
SDP-028,Fissure,N,Starter Deck: Pegasus,Common,2,2.86,
SDP-029,De-Spell,N,Starter Deck: Pegasus,Common,2,9.25,
SDP-030,Change of Heart,N,Starter Deck: Pegasus,Common,2,39.99,
SDP-031,Stop Defense,N,Starter Deck: Pegasus,Common,4,12.41,
SDP-032,Mystical Space Typhoon,N,Starter Deck: Pegasus,Common,2,5.00,
SDP-033,Rush Recklessly,N,Starter Deck: Pegasus,Common,3,0.99,
SDP-034,Remove Trap,N,Starter Deck: Pegasus,Common,2,2.04,
SDP-035,Monster Reborn,N,Starter Deck: Pegasus,Common,1,5.64,
SDP-036,Soul Release,N,Starter Deck: Pegasus,Common,2,6.95,
SDP-037,Yami,N,Starter Deck: Pegasus,Common,2,4.23,
SDP-038,Black Illusion Ritual,N,Starter Deck: Pegasus,Common,2,10.00,
SDP-039,Ring of Magnetism,N,Starter Deck: Pegasus,Common,2,2.79,
SDP-040,Graceful Charity,N,Starter Deck: Pegasus,Super Rare,2,25.00,
SDP-041,Trap Hole,N,Starter Deck: Pegasus,Common,2,3.00,
SDP-042,Reinforcements,N,Starter Deck: Pegasus,Common,2,3.16,
SDP-043,Castle Walls,N,Starter Deck: Pegasus,Common,2,3.00,
SDP-044,Waboku,N,Starter Deck: Pegasus,Common,2,3.55,
SDP-045,Seven Tools of the Bandit,N,Starter Deck: Pegasus,Common,2,1.41,
SDP-046,Ultimate Offering,N,Starter Deck: Pegasus,Common,2,9.89,
SDP-047,Robbin' Goblin,N,Starter Deck: Pegasus,Common,2,1.35,
SDP-048,Magic Jammer,N,Starter Deck: Pegasus,Common,2,2.86,
SDP-049,Enchanted Javelin,N,Starter Deck: Pegasus,Common,2,2.86,
SDP-050,Gryphon Wing,N,Starter Deck: Pegasus,Super Rare,2,77.82,
SDY-001,Mystical Elf,N,Starter Deck: Yugi,Common,4,1749.00,
SDY-002,Feral Imp,N,Starter Deck: Yugi,Common,2,713.55,
SDY-003,"Winged Dragon, Guardian of the Fortress #1",N,Starter Deck: Yugi,Common,42.00,